age_range,gender,income,min_income,max_income,number_of_people
Totalt 20-64 år,Samtliga,0,0,1,320016
Totalt 20-64 år,Samtliga,1-49 ,1,49,272215
Totalt 20-64 år,Samtliga,50-99,50,99,226735
Totalt 20-64 år,Samtliga,100-149,100,149,324917
Totalt 20-64 år,Samtliga,150-199,150,199,309927
Totalt 20-64 år,Samtliga,200-249,200,249,371402
Totalt 20-64 år,Samtliga,250-299,250,299,496685
Totalt 20-64 år,Samtliga,300-349,300,349,660626
Totalt 20-64 år,Samtliga,350-399,350,399,678137
Totalt 20-64 år,Samtliga,400-449,400,449,566205
Totalt 20-64 år,Samtliga,450-499,450,499,427116
Totalt 20-64 år,Samtliga,500-549,500,549,325666
Totalt 20-64 år,Samtliga,550-599,550,599,210701
Totalt 20-64 år,Samtliga,600-649,600,649,147460
Totalt 20-64 år,Samtliga,650-699,650,699,104616
Totalt 20-64 år,Samtliga,700-749,700,749,74307
Totalt 20-64 år,Samtliga,750-799,750,799,54111
Totalt 20-64 år,Samtliga,800-849,800,849,40541
Totalt 20-64 år,Samtliga,850-899,850,899,31189
Totalt 20-64 år,Samtliga,900-949,900,949,24289
Totalt 20-64 år,Samtliga,950-999,950,999,18959
Totalt 20-64 år,Samtliga,1 000-1 049,1000,1049,15570
Totalt 20-64 år,Samtliga,1 050-1 099,1050,1099,12645
Totalt 20-64 år,Samtliga,1 100-1 149,1100,1149,10266
Totalt 20-64 år,Samtliga,1 150-1 199,1150,1199,8248
Totalt 20-64 år,Samtliga,1 200-1 249,1200,1249,7001
Totalt 20-64 år,Samtliga,1 250-1 299,1250,1299,5718
Totalt 20-64 år,Samtliga,1 300-1 349,1300,1349,4875
Totalt 20-64 år,Samtliga,1 350-1 399,1350,1399,4128
Totalt 20-64 år,Samtliga,1 400-1 449,1400,1449,3609
Totalt 20-64 år,Samtliga,1 450-1 499,1450,1499,3045
Totalt 20-64 år,Samtliga,1 500-1 549,1500,1549,2597
Totalt 20-64 år,Samtliga,1 550-1 599,1550,1599,2326
Totalt 20-64 år,Samtliga,1 600-1 649,1600,1649,1936
Totalt 20-64 år,Samtliga,1 650-1 699,1650,1699,1852
Totalt 20-64 år,Samtliga,1 700-1 749,1700,1749,1591
Totalt 20-64 år,Samtliga,1 750-1 799,1750,1799,1476
Totalt 20-64 år,Samtliga,1 800-1 849,1800,1849,1312
Totalt 20-64 år,Samtliga,1 850-1 899,1850,1899,1205
Totalt 20-64 år,Samtliga,1 900-1 949,1900,1949,1016
Totalt 20-64 år,Samtliga,1 950-1 999,1950,1999,953
Totalt 20-64 år,Samtliga,2 000-2 499,2000,2499,6180
Totalt 20-64 år,Samtliga,2 500-2 999,2500,2999,2943
Totalt 20-64 år,Samtliga,3 000-,3000,,5831
Totalt 20-64 år,Kvinnor,0,0,1,150712
Totalt 20-64 år,Kvinnor,1-49 ,1,49,151899
Totalt 20-64 år,Kvinnor,50-99,50,99,131404
Totalt 20-64 år,Kvinnor,100-149,100,149,179763
Totalt 20-64 år,Kvinnor,150-199,150,199,185024
Totalt 20-64 år,Kvinnor,200-249,200,249,222572
Totalt 20-64 år,Kvinnor,250-299,250,299,297981
Totalt 20-64 år,Kvinnor,300-349,300,349,365215
Totalt 20-64 år,Kvinnor,350-399,350,399,331255
Totalt 20-64 år,Kvinnor,400-449,400,449,247115
Totalt 20-64 år,Kvinnor,450-499,450,499,175776
Totalt 20-64 år,Kvinnor,500-549,500,549,125538
Totalt 20-64 år,Kvinnor,550-599,550,599,79259
Totalt 20-64 år,Kvinnor,600-649,600,649,51211
Totalt 20-64 år,Kvinnor,650-699,650,699,34284
Totalt 20-64 år,Kvinnor,700-749,700,749,23594
Totalt 20-64 år,Kvinnor,750-799,750,799,17186
Totalt 20-64 år,Kvinnor,800-849,800,849,12831
Totalt 20-64 år,Kvinnor,850-899,850,899,9936
Totalt 20-64 år,Kvinnor,900-949,900,949,7706
Totalt 20-64 år,Kvinnor,950-999,950,999,5932
Totalt 20-64 år,Kvinnor,1 000-1 049,1000,1049,4714
Totalt 20-64 år,Kvinnor,1 050-1 099,1050,1099,3816
Totalt 20-64 år,Kvinnor,1 100-1 149,1100,1149,2969
Totalt 20-64 år,Kvinnor,1 150-1 199,1150,1199,2305
Totalt 20-64 år,Kvinnor,1 200-1 249,1200,1249,1946
Totalt 20-64 år,Kvinnor,1 250-1 299,1250,1299,1491
Totalt 20-64 år,Kvinnor,1 300-1 349,1300,1349,1299
Totalt 20-64 år,Kvinnor,1 350-1 399,1350,1399,1018
Totalt 20-64 år,Kvinnor,1 400-1 449,1400,1449,904
Totalt 20-64 år,Kvinnor,1 450-1 499,1450,1499,739
Totalt 20-64 år,Kvinnor,1 500-1 549,1500,1549,649
Totalt 20-64 år,Kvinnor,1 550-1 599,1550,1599,540
Totalt 20-64 år,Kvinnor,1 600-1 649,1600,1649,446
Totalt 20-64 år,Kvinnor,1 650-1 699,1650,1699,433
Totalt 20-64 år,Kvinnor,1 700-1 749,1700,1749,382
Totalt 20-64 år,Kvinnor,1 750-1 799,1750,1799,296
Totalt 20-64 år,Kvinnor,1 800-1 849,1800,1849,274
Totalt 20-64 år,Kvinnor,1 850-1 899,1850,1899,269
Totalt 20-64 år,Kvinnor,1 900-1 949,1900,1949,197
Totalt 20-64 år,Kvinnor,1 950-1 999,1950,1999,189
Totalt 20-64 år,Kvinnor,2 000-2 499,2000,2499,1282
Totalt 20-64 år,Kvinnor,2 500-2 999,2500,2999,593
Totalt 20-64 år,Kvinnor,3 000-,3000,,1036
Totalt 20-64 år,Män,0,0,1,169304
Totalt 20-64 år,Män,1-49 ,1,49,120316
Totalt 20-64 år,Män,50-99,50,99,95331
Totalt 20-64 år,Män,100-149,100,149,145154
Totalt 20-64 år,Män,150-199,150,199,124903
Totalt 20-64 år,Män,200-249,200,249,148830
Totalt 20-64 år,Män,250-299,250,299,198704
Totalt 20-64 år,Män,300-349,300,349,295411
Totalt 20-64 år,Män,350-399,350,399,346882
Totalt 20-64 år,Män,400-449,400,449,319090
Totalt 20-64 år,Män,450-499,450,499,251340
Totalt 20-64 år,Män,500-549,500,549,200128
Totalt 20-64 år,Män,550-599,550,599,131442
Totalt 20-64 år,Män,600-649,600,649,96249
Totalt 20-64 år,Män,650-699,650,699,70332
Totalt 20-64 år,Män,700-749,700,749,50713
Totalt 20-64 år,Män,750-799,750,799,36925
Totalt 20-64 år,Män,800-849,800,849,27710
Totalt 20-64 år,Män,850-899,850,899,21253
Totalt 20-64 år,Män,900-949,900,949,16583
Totalt 20-64 år,Män,950-999,950,999,13027
Totalt 20-64 år,Män,1 000-1 049,1000,1049,10856
Totalt 20-64 år,Män,1 050-1 099,1050,1099,8826
Totalt 20-64 år,Män,1 100-1 149,1100,1149,7297
Totalt 20-64 år,Män,1 150-1 199,1150,1199,5943
Totalt 20-64 år,Män,1 200-1 249,1200,1249,5049
Totalt 20-64 år,Män,1 250-1 299,1250,1299,4220
Totalt 20-64 år,Män,1 300-1 349,1300,1349,3576
Totalt 20-64 år,Män,1 350-1 399,1350,1399,3110
Totalt 20-64 år,Män,1 400-1 449,1400,1449,2705
Totalt 20-64 år,Män,1 450-1 499,1450,1499,2302
Totalt 20-64 år,Män,1 500-1 549,1500,1549,1948
Totalt 20-64 år,Män,1 550-1 599,1550,1599,1786
Totalt 20-64 år,Män,1 600-1 649,1600,1649,1490
Totalt 20-64 år,Män,1 650-1 699,1650,1699,1395
Totalt 20-64 år,Män,1 700-1 749,1700,1749,1200
Totalt 20-64 år,Män,1 750-1 799,1750,1799,1159
Totalt 20-64 år,Män,1 800-1 849,1800,1849,1026
Totalt 20-64 år,Män,1 850-1 899,1850,1899,936
Totalt 20-64 år,Män,1 900-1 949,1900,1949,809
Totalt 20-64 år,Män,1 950-1 999,1950,1999,758
Totalt 20-64 år,Män,2 000-2 499,2000,2499,4898
Totalt 20-64 år,Män,2 500-2 999,2500,2999,2339
Totalt 20-64 år,Män,3 000-,3000,,4791
20-24 år,Samtliga,0,0,1,73036
20-24 år,Samtliga,1-49 ,1,49,93664
20-24 år,Samtliga,50-99,50,99,73842
20-24 år,Samtliga,100-149,100,149,65624
20-24 år,Samtliga,150-199,150,199,52182
20-24 år,Samtliga,200-249,200,249,51620
20-24 år,Samtliga,250-299,250,299,55485
20-24 år,Samtliga,300-349,300,349,45308
20-24 år,Samtliga,350-399,350,399,27276
20-24 år,Samtliga,400-449,400,449,15286
20-24 år,Samtliga,450-499,450,499,7476
20-24 år,Samtliga,500-549,500,549,3356
20-24 år,Samtliga,550-599,550,599,1289
20-24 år,Samtliga,600-649,600,649,554
20-24 år,Samtliga,650-699,650,699,277
20-24 år,Samtliga,700-749,700,749,151
20-24 år,Samtliga,750-799,750,799,81
20-24 år,Samtliga,800-849,800,849,59
20-24 år,Samtliga,850-899,850,899,34
20-24 år,Samtliga,900-949,900,949,31
20-24 år,Samtliga,950-999,950,999,19
20-24 år,Samtliga,1 000-1 049,1000,1049,12
20-24 år,Samtliga,1 050-1 099,1050,1099,15
20-24 år,Samtliga,1 100-1 149,1100,1149,10
20-24 år,Samtliga,1 150-1 199,1150,1199,0
20-24 år,Samtliga,1 200-1 249,1200,1249,6
20-24 år,Samtliga,1 250-1 299,1250,1299,7
20-24 år,Samtliga,1 300-1 349,1300,1349,0
20-24 år,Samtliga,1 350-1 399,1350,1399,0
20-24 år,Samtliga,1 400-1 449,1400,1449,0
20-24 år,Samtliga,1 450-1 499,1450,1499,4
20-24 år,Samtliga,1 500-1 549,1500,1549,0
20-24 år,Samtliga,1 550-1 599,1550,1599,0
20-24 år,Samtliga,1 600-1 649,1600,1649,0
20-24 år,Samtliga,1 650-1 699,1650,1699,0
20-24 år,Samtliga,1 700-1 749,1700,1749,0
20-24 år,Samtliga,1 750-1 799,1750,1799,0
20-24 år,Samtliga,1 800-1 849,1800,1849,0
20-24 år,Samtliga,1 850-1 899,1850,1899,0
20-24 år,Samtliga,1 900-1 949,1900,1949,0
20-24 år,Samtliga,1 950-1 999,1950,1999,0
20-24 år,Samtliga,2 000-2 499,2000,2499,0
20-24 år,Samtliga,2 500-2 999,2500,2999,0
20-24 år,Samtliga,3 000-,3000,,4
20-24 år,Kvinnor,0,0,1,28435
20-24 år,Kvinnor,1-49 ,1,49,47290
20-24 år,Kvinnor,50-99,50,99,40900
20-24 år,Kvinnor,100-149,100,149,34338
20-24 år,Kvinnor,150-199,150,199,28255
20-24 år,Kvinnor,200-249,200,249,27620
20-24 år,Kvinnor,250-299,250,299,27045
20-24 år,Kvinnor,300-349,300,349,18052
20-24 år,Kvinnor,350-399,350,399,8133
20-24 år,Kvinnor,400-449,400,449,3233
20-24 år,Kvinnor,450-499,450,499,1224
20-24 år,Kvinnor,500-549,500,549,560
20-24 år,Kvinnor,550-599,550,599,209
20-24 år,Kvinnor,600-649,600,649,76
20-24 år,Kvinnor,650-699,650,699,45
20-24 år,Kvinnor,700-749,700,749,21
20-24 år,Kvinnor,750-799,750,799,15
20-24 år,Kvinnor,800-849,800,849,8
20-24 år,Kvinnor,850-899,850,899,7
20-24 år,Kvinnor,900-949,900,949,7
20-24 år,Kvinnor,950-999,950,999,4
20-24 år,Kvinnor,1 000-1 049,1000,1049,4
20-24 år,Kvinnor,1 050-1 099,1050,1099,0
20-24 år,Kvinnor,1 100-1 149,1100,1149,0
20-24 år,Kvinnor,1 150-1 199,1150,1199,0
20-24 år,Kvinnor,1 200-1 249,1200,1249,0
20-24 år,Kvinnor,1 250-1 299,1250,1299,0
20-24 år,Kvinnor,1 300-1 349,1300,1349,0
20-24 år,Kvinnor,1 350-1 399,1350,1399,0
20-24 år,Kvinnor,1 400-1 449,1400,1449,0
20-24 år,Kvinnor,1 450-1 499,1450,1499,0
20-24 år,Kvinnor,1 500-1 549,1500,1549,0
20-24 år,Kvinnor,1 550-1 599,1550,1599,0
20-24 år,Kvinnor,1 600-1 649,1600,1649,0
20-24 år,Kvinnor,1 650-1 699,1650,1699,0
20-24 år,Kvinnor,1 700-1 749,1700,1749,0
20-24 år,Kvinnor,1 750-1 799,1750,1799,0
20-24 år,Kvinnor,1 800-1 849,1800,1849,0
20-24 år,Kvinnor,1 850-1 899,1850,1899,0
20-24 år,Kvinnor,1 900-1 949,1900,1949,0
20-24 år,Kvinnor,1 950-1 999,1950,1999,0
20-24 år,Kvinnor,2 000-2 499,2000,2499,0
20-24 år,Kvinnor,2 500-2 999,2500,2999,0
20-24 år,Kvinnor,3 000-,3000,,0
20-24 år,Män,0,0,1,44601
20-24 år,Män,1-49 ,1,49,46374
20-24 år,Män,50-99,50,99,32942
20-24 år,Män,100-149,100,149,31286
20-24 år,Män,150-199,150,199,23927
20-24 år,Män,200-249,200,249,24000
20-24 år,Män,250-299,250,299,28440
20-24 år,Män,300-349,300,349,27256
20-24 år,Män,350-399,350,399,19143
20-24 år,Män,400-449,400,449,12053
20-24 år,Män,450-499,450,499,6252
20-24 år,Män,500-549,500,549,2796
20-24 år,Män,550-599,550,599,1080
20-24 år,Män,600-649,600,649,478
20-24 år,Män,650-699,650,699,232
20-24 år,Män,700-749,700,749,130
20-24 år,Män,750-799,750,799,66
20-24 år,Män,800-849,800,849,51
20-24 år,Män,850-899,850,899,27
20-24 år,Män,900-949,900,949,24
20-24 år,Män,950-999,950,999,15
20-24 år,Män,1 000-1 049,1000,1049,8
20-24 år,Män,1 050-1 099,1050,1099,12
20-24 år,Män,1 100-1 149,1100,1149,10
20-24 år,Män,1 150-1 199,1150,1199,0
20-24 år,Män,1 200-1 249,1200,1249,0
20-24 år,Män,1 250-1 299,1250,1299,0
20-24 år,Män,1 300-1 349,1300,1349,0
20-24 år,Män,1 350-1 399,1350,1399,0
20-24 år,Män,1 400-1 449,1400,1449,0
20-24 år,Män,1 450-1 499,1450,1499,0
20-24 år,Män,1 500-1 549,1500,1549,0
20-24 år,Män,1 550-1 599,1550,1599,0
20-24 år,Män,1 600-1 649,1600,1649,0
20-24 år,Män,1 650-1 699,1650,1699,0
20-24 år,Män,1 700-1 749,1700,1749,0
20-24 år,Män,1 750-1 799,1750,1799,0
20-24 år,Män,1 800-1 849,1800,1849,0
20-24 år,Män,1 850-1 899,1850,1899,0
20-24 år,Män,1 900-1 949,1900,1949,0
20-24 år,Män,1 950-1 999,1950,1999,0
20-24 år,Män,2 000-2 499,2000,2499,0
20-24 år,Män,2 500-2 999,2500,2999,0
20-24 år,Män,3 000-,3000,,0
25-29 år,Samtliga,0,0,1,49571
25-29 år,Samtliga,1-49 ,1,49,52162
25-29 år,Samtliga,50-99,50,99,45665
25-29 år,Samtliga,100-149,100,149,55649
25-29 år,Samtliga,150-199,150,199,48105
25-29 år,Samtliga,200-249,200,249,55960
25-29 år,Samtliga,250-299,250,299,72958
25-29 år,Samtliga,300-349,300,349,90079
25-29 år,Samtliga,350-399,350,399,85991
25-29 år,Samtliga,400-449,400,449,63781
25-29 år,Samtliga,450-499,450,499,36386
25-29 år,Samtliga,500-549,500,549,19859
25-29 år,Samtliga,550-599,550,599,9444
25-29 år,Samtliga,600-649,600,649,5048
25-29 år,Samtliga,650-699,650,699,2709
25-29 år,Samtliga,700-749,700,749,1639
25-29 år,Samtliga,750-799,750,799,936
25-29 år,Samtliga,800-849,800,849,640
25-29 år,Samtliga,850-899,850,899,424
25-29 år,Samtliga,900-949,900,949,345
25-29 år,Samtliga,950-999,950,999,228
25-29 år,Samtliga,1 000-1 049,1000,1049,187
25-29 år,Samtliga,1 050-1 099,1050,1099,155
25-29 år,Samtliga,1 100-1 149,1100,1149,111
25-29 år,Samtliga,1 150-1 199,1150,1199,106
25-29 år,Samtliga,1 200-1 249,1200,1249,93
25-29 år,Samtliga,1 250-1 299,1250,1299,50
25-29 år,Samtliga,1 300-1 349,1300,1349,32
25-29 år,Samtliga,1 350-1 399,1350,1399,36
25-29 år,Samtliga,1 400-1 449,1400,1449,32
25-29 år,Samtliga,1 450-1 499,1450,1499,34
25-29 år,Samtliga,1 500-1 549,1500,1549,32
25-29 år,Samtliga,1 550-1 599,1550,1599,25
25-29 år,Samtliga,1 600-1 649,1600,1649,29
25-29 år,Samtliga,1 650-1 699,1650,1699,24
25-29 år,Samtliga,1 700-1 749,1700,1749,9
25-29 år,Samtliga,1 750-1 799,1750,1799,21
25-29 år,Samtliga,1 800-1 849,1800,1849,12
25-29 år,Samtliga,1 850-1 899,1850,1899,10
25-29 år,Samtliga,1 900-1 949,1900,1949,10
25-29 år,Samtliga,1 950-1 999,1950,1999,6
25-29 år,Samtliga,2 000-2 499,2000,2499,36
25-29 år,Samtliga,2 500-2 999,2500,2999,11
25-29 år,Samtliga,3 000-,3000,,23
25-29 år,Kvinnor,0,0,1,22200
25-29 år,Kvinnor,1-49 ,1,49,29586
25-29 år,Kvinnor,50-99,50,99,27012
25-29 år,Kvinnor,100-149,100,149,30789
25-29 år,Kvinnor,150-199,150,199,29110
25-29 år,Kvinnor,200-249,200,249,33586
25-29 år,Kvinnor,250-299,250,299,40600
25-29 år,Kvinnor,300-349,300,349,43907
25-29 år,Kvinnor,350-399,350,399,37236
25-29 år,Kvinnor,400-449,400,449,22731
25-29 år,Kvinnor,450-499,450,499,11247
25-29 år,Kvinnor,500-549,500,549,5458
25-29 år,Kvinnor,550-599,550,599,2508
25-29 år,Kvinnor,600-649,600,649,1259
25-29 år,Kvinnor,650-699,650,699,691
25-29 år,Kvinnor,700-749,700,749,395
25-29 år,Kvinnor,750-799,750,799,236
25-29 år,Kvinnor,800-849,800,849,155
25-29 år,Kvinnor,850-899,850,899,102
25-29 år,Kvinnor,900-949,900,949,85
25-29 år,Kvinnor,950-999,950,999,50
25-29 år,Kvinnor,1 000-1 049,1000,1049,38
25-29 år,Kvinnor,1 050-1 099,1050,1099,31
25-29 år,Kvinnor,1 100-1 149,1100,1149,34
25-29 år,Kvinnor,1 150-1 199,1150,1199,18
25-29 år,Kvinnor,1 200-1 249,1200,1249,23
25-29 år,Kvinnor,1 250-1 299,1250,1299,16
25-29 år,Kvinnor,1 300-1 349,1300,1349,9
25-29 år,Kvinnor,1 350-1 399,1350,1399,8
25-29 år,Kvinnor,1 400-1 449,1400,1449,9
25-29 år,Kvinnor,1 450-1 499,1450,1499,6
25-29 år,Kvinnor,1 500-1 549,1500,1549,8
25-29 år,Kvinnor,1 550-1 599,1550,1599,8
25-29 år,Kvinnor,1 600-1 649,1600,1649,7
25-29 år,Kvinnor,1 650-1 699,1650,1699,0
25-29 år,Kvinnor,1 700-1 749,1700,1749,0
25-29 år,Kvinnor,1 750-1 799,1750,1799,0
25-29 år,Kvinnor,1 800-1 849,1800,1849,0
25-29 år,Kvinnor,1 850-1 899,1850,1899,4
25-29 år,Kvinnor,1 900-1 949,1900,1949,0
25-29 år,Kvinnor,1 950-1 999,1950,1999,0
25-29 år,Kvinnor,2 000-2 499,2000,2499,9
25-29 år,Kvinnor,2 500-2 999,2500,2999,0
25-29 år,Kvinnor,3 000-,3000,,4
25-29 år,Män,0,0,1,27371
25-29 år,Män,1-49 ,1,49,22576
25-29 år,Män,50-99,50,99,18653
25-29 år,Män,100-149,100,149,24860
25-29 år,Män,150-199,150,199,18995
25-29 år,Män,200-249,200,249,22374
25-29 år,Män,250-299,250,299,32358
25-29 år,Män,300-349,300,349,46172
25-29 år,Män,350-399,350,399,48755
25-29 år,Män,400-449,400,449,41050
25-29 år,Män,450-499,450,499,25139
25-29 år,Män,500-549,500,549,14401
25-29 år,Män,550-599,550,599,6936
25-29 år,Män,600-649,600,649,3789
25-29 år,Män,650-699,650,699,2018
25-29 år,Män,700-749,700,749,1244
25-29 år,Män,750-799,750,799,700
25-29 år,Män,800-849,800,849,485
25-29 år,Män,850-899,850,899,322
25-29 år,Män,900-949,900,949,260
25-29 år,Män,950-999,950,999,178
25-29 år,Män,1 000-1 049,1000,1049,149
25-29 år,Män,1 050-1 099,1050,1099,124
25-29 år,Män,1 100-1 149,1100,1149,77
25-29 år,Män,1 150-1 199,1150,1199,88
25-29 år,Män,1 200-1 249,1200,1249,70
25-29 år,Män,1 250-1 299,1250,1299,34
25-29 år,Män,1 300-1 349,1300,1349,23
25-29 år,Män,1 350-1 399,1350,1399,28
25-29 år,Män,1 400-1 449,1400,1449,23
25-29 år,Män,1 450-1 499,1450,1499,28
25-29 år,Män,1 500-1 549,1500,1549,24
25-29 år,Män,1 550-1 599,1550,1599,17
25-29 år,Män,1 600-1 649,1600,1649,22
25-29 år,Män,1 650-1 699,1650,1699,0
25-29 år,Män,1 700-1 749,1700,1749,0
25-29 år,Män,1 750-1 799,1750,1799,0
25-29 år,Män,1 800-1 849,1800,1849,0
25-29 år,Män,1 850-1 899,1850,1899,6
25-29 år,Män,1 900-1 949,1900,1949,0
25-29 år,Män,1 950-1 999,1950,1999,0
25-29 år,Män,2 000-2 499,2000,2499,27
25-29 år,Män,2 500-2 999,2500,2999,0
25-29 år,Män,3 000-,3000,,19
30-34 år,Samtliga,0,0,1,41309
30-34 år,Samtliga,1-49 ,1,49,34433
30-34 år,Samtliga,50-99,50,99,30976
30-34 år,Samtliga,100-149,100,149,36675
30-34 år,Samtliga,150-199,150,199,39730
30-34 år,Samtliga,200-249,200,249,52339
30-34 år,Samtliga,250-299,250,299,73438
30-34 år,Samtliga,300-349,300,349,92805
30-34 år,Samtliga,350-399,350,399,92826
30-34 år,Samtliga,400-449,400,449,76512
30-34 år,Samtliga,450-499,450,499,54617
30-34 år,Samtliga,500-549,500,549,36513
30-34 år,Samtliga,550-599,550,599,21325
30-34 år,Samtliga,600-649,600,649,12846
30-34 år,Samtliga,650-699,650,699,8132
30-34 år,Samtliga,700-749,700,749,5200
30-34 år,Samtliga,750-799,750,799,3426
30-34 år,Samtliga,800-849,800,849,2312
30-34 år,Samtliga,850-899,850,899,1717
30-34 år,Samtliga,900-949,900,949,1170
30-34 år,Samtliga,950-999,950,999,882
30-34 år,Samtliga,1 000-1 049,1000,1049,625
30-34 år,Samtliga,1 050-1 099,1050,1099,500
30-34 år,Samtliga,1 100-1 149,1100,1149,413
30-34 år,Samtliga,1 150-1 199,1150,1199,335
30-34 år,Samtliga,1 200-1 249,1200,1249,245
30-34 år,Samtliga,1 250-1 299,1250,1299,207
30-34 år,Samtliga,1 300-1 349,1300,1349,189
30-34 år,Samtliga,1 350-1 399,1350,1399,171
30-34 år,Samtliga,1 400-1 449,1400,1449,125
30-34 år,Samtliga,1 450-1 499,1450,1499,122
30-34 år,Samtliga,1 500-1 549,1500,1549,96
30-34 år,Samtliga,1 550-1 599,1550,1599,69
30-34 år,Samtliga,1 600-1 649,1600,1649,70
30-34 år,Samtliga,1 650-1 699,1650,1699,66
30-34 år,Samtliga,1 700-1 749,1700,1749,71
30-34 år,Samtliga,1 750-1 799,1750,1799,60
30-34 år,Samtliga,1 800-1 849,1800,1849,53
30-34 år,Samtliga,1 850-1 899,1850,1899,42
30-34 år,Samtliga,1 900-1 949,1900,1949,55
30-34 år,Samtliga,1 950-1 999,1950,1999,39
30-34 år,Samtliga,2 000-2 499,2000,2499,238
30-34 år,Samtliga,2 500-2 999,2500,2999,109
30-34 år,Samtliga,3 000-,3000,,124
30-34 år,Kvinnor,0,0,1,20201
30-34 år,Kvinnor,1-49 ,1,49,22114
30-34 år,Kvinnor,50-99,50,99,19839
30-34 år,Kvinnor,100-149,100,149,21315
30-34 år,Kvinnor,150-199,150,199,25836
30-34 år,Kvinnor,200-249,200,249,34172
30-34 år,Kvinnor,250-299,250,299,45146
30-34 år,Kvinnor,300-349,300,349,48827
30-34 år,Kvinnor,350-399,350,399,41211
30-34 år,Kvinnor,400-449,400,449,28786
30-34 år,Kvinnor,450-499,450,499,18323
30-34 år,Kvinnor,500-549,500,549,11051
30-34 år,Kvinnor,550-599,550,599,6227
30-34 år,Kvinnor,600-649,600,649,3577
30-34 år,Kvinnor,650-699,650,699,2120
30-34 år,Kvinnor,700-749,700,749,1364
30-34 år,Kvinnor,750-799,750,799,915
30-34 år,Kvinnor,800-849,800,849,631
30-34 år,Kvinnor,850-899,850,899,472
30-34 år,Kvinnor,900-949,900,949,305
30-34 år,Kvinnor,950-999,950,999,221
30-34 år,Kvinnor,1 000-1 049,1000,1049,142
30-34 år,Kvinnor,1 050-1 099,1050,1099,115
30-34 år,Kvinnor,1 100-1 149,1100,1149,110
30-34 år,Kvinnor,1 150-1 199,1150,1199,82
30-34 år,Kvinnor,1 200-1 249,1200,1249,59
30-34 år,Kvinnor,1 250-1 299,1250,1299,51
30-34 år,Kvinnor,1 300-1 349,1300,1349,52
30-34 år,Kvinnor,1 350-1 399,1350,1399,34
30-34 år,Kvinnor,1 400-1 449,1400,1449,27
30-34 år,Kvinnor,1 450-1 499,1450,1499,26
30-34 år,Kvinnor,1 500-1 549,1500,1549,19
30-34 år,Kvinnor,1 550-1 599,1550,1599,13
30-34 år,Kvinnor,1 600-1 649,1600,1649,15
30-34 år,Kvinnor,1 650-1 699,1650,1699,14
30-34 år,Kvinnor,1 700-1 749,1700,1749,16
30-34 år,Kvinnor,1 750-1 799,1750,1799,9
30-34 år,Kvinnor,1 800-1 849,1800,1849,11
30-34 år,Kvinnor,1 850-1 899,1850,1899,6
30-34 år,Kvinnor,1 900-1 949,1900,1949,10
30-34 år,Kvinnor,1 950-1 999,1950,1999,6
30-34 år,Kvinnor,2 000-2 499,2000,2499,48
30-34 år,Kvinnor,2 500-2 999,2500,2999,15
30-34 år,Kvinnor,3 000-,3000,,19
30-34 år,Män,0,0,1,21108
30-34 år,Män,1-49 ,1,49,12319
30-34 år,Män,50-99,50,99,11137
30-34 år,Män,100-149,100,149,15360
30-34 år,Män,150-199,150,199,13894
30-34 år,Män,200-249,200,249,18167
30-34 år,Män,250-299,250,299,28292
30-34 år,Män,300-349,300,349,43978
30-34 år,Män,350-399,350,399,51615
30-34 år,Män,400-449,400,449,47726
30-34 år,Män,450-499,450,499,36294
30-34 år,Män,500-549,500,549,25462
30-34 år,Män,550-599,550,599,15098
30-34 år,Män,600-649,600,649,9269
30-34 år,Män,650-699,650,699,6012
30-34 år,Män,700-749,700,749,3836
30-34 år,Män,750-799,750,799,2511
30-34 år,Män,800-849,800,849,1681
30-34 år,Män,850-899,850,899,1245
30-34 år,Män,900-949,900,949,865
30-34 år,Män,950-999,950,999,661
30-34 år,Män,1 000-1 049,1000,1049,483
30-34 år,Män,1 050-1 099,1050,1099,385
30-34 år,Män,1 100-1 149,1100,1149,303
30-34 år,Män,1 150-1 199,1150,1199,253
30-34 år,Män,1 200-1 249,1200,1249,186
30-34 år,Män,1 250-1 299,1250,1299,156
30-34 år,Män,1 300-1 349,1300,1349,137
30-34 år,Män,1 350-1 399,1350,1399,137
30-34 år,Män,1 400-1 449,1400,1449,98
30-34 år,Män,1 450-1 499,1450,1499,96
30-34 år,Män,1 500-1 549,1500,1549,77
30-34 år,Män,1 550-1 599,1550,1599,56
30-34 år,Män,1 600-1 649,1600,1649,55
30-34 år,Män,1 650-1 699,1650,1699,52
30-34 år,Män,1 700-1 749,1700,1749,55
30-34 år,Män,1 750-1 799,1750,1799,51
30-34 år,Män,1 800-1 849,1800,1849,42
30-34 år,Män,1 850-1 899,1850,1899,36
30-34 år,Män,1 900-1 949,1900,1949,45
30-34 år,Män,1 950-1 999,1950,1999,33
30-34 år,Män,2 000-2 499,2000,2499,190
30-34 år,Män,2 500-2 999,2500,2999,94
30-34 år,Män,3 000-,3000,,105
35-39 år,Samtliga,0,0,1,33457
35-39 år,Samtliga,1-49 ,1,49,25072
35-39 år,Samtliga,50-99,50,99,19607
35-39 år,Samtliga,100-149,100,149,28639
35-39 år,Samtliga,150-199,150,199,29287
35-39 år,Samtliga,200-249,200,249,39326
35-39 år,Samtliga,250-299,250,299,57917
35-39 år,Samtliga,300-349,300,349,78178
35-39 år,Samtliga,350-399,350,399,79878
35-39 år,Samtliga,400-449,400,449,69028
35-39 år,Samtliga,450-499,450,499,53256
35-39 år,Samtliga,500-549,500,549,40909
35-39 år,Samtliga,550-599,550,599,26925
35-39 år,Samtliga,600-649,600,649,18023
35-39 år,Samtliga,650-699,650,699,12118
35-39 år,Samtliga,700-749,700,749,8411
35-39 år,Samtliga,750-799,750,799,5946
35-39 år,Samtliga,800-849,800,849,4252
35-39 år,Samtliga,850-899,850,899,3216
35-39 år,Samtliga,900-949,900,949,2398
35-39 år,Samtliga,950-999,950,999,1906
35-39 år,Samtliga,1 000-1 049,1000,1049,1351
35-39 år,Samtliga,1 050-1 099,1050,1099,1118
35-39 år,Samtliga,1 100-1 149,1100,1149,850
35-39 år,Samtliga,1 150-1 199,1150,1199,667
35-39 år,Samtliga,1 200-1 249,1200,1249,564
35-39 år,Samtliga,1 250-1 299,1250,1299,446
35-39 år,Samtliga,1 300-1 349,1300,1349,382
35-39 år,Samtliga,1 350-1 399,1350,1399,364
35-39 år,Samtliga,1 400-1 449,1400,1449,315
35-39 år,Samtliga,1 450-1 499,1450,1499,256
35-39 år,Samtliga,1 500-1 549,1500,1549,219
35-39 år,Samtliga,1 550-1 599,1550,1599,201
35-39 år,Samtliga,1 600-1 649,1600,1649,172
35-39 år,Samtliga,1 650-1 699,1650,1699,165
35-39 år,Samtliga,1 700-1 749,1700,1749,140
35-39 år,Samtliga,1 750-1 799,1750,1799,132
35-39 år,Samtliga,1 800-1 849,1800,1849,121
35-39 år,Samtliga,1 850-1 899,1850,1899,104
35-39 år,Samtliga,1 900-1 949,1900,1949,86
35-39 år,Samtliga,1 950-1 999,1950,1999,80
35-39 år,Samtliga,2 000-2 499,2000,2499,515
35-39 år,Samtliga,2 500-2 999,2500,2999,219
35-39 år,Samtliga,3 000-,3000,,436
35-39 år,Kvinnor,0,0,1,17000
35-39 år,Kvinnor,1-49 ,1,49,16328
35-39 år,Kvinnor,50-99,50,99,12524
35-39 år,Kvinnor,100-149,100,149,16310
35-39 år,Kvinnor,150-199,150,199,18299
35-39 år,Kvinnor,200-249,200,249,25098
35-39 år,Kvinnor,250-299,250,299,36243
35-39 år,Kvinnor,300-349,300,349,43407
35-39 år,Kvinnor,350-399,350,399,38000
35-39 år,Kvinnor,400-449,400,449,29194
35-39 år,Kvinnor,450-499,450,499,20791
35-39 år,Kvinnor,500-549,500,549,14316
35-39 år,Kvinnor,550-599,550,599,8898
35-39 år,Kvinnor,600-649,600,649,5549
35-39 år,Kvinnor,650-699,650,699,3520
35-39 år,Kvinnor,700-749,700,749,2450
35-39 år,Kvinnor,750-799,750,799,1686
35-39 år,Kvinnor,800-849,800,849,1274
35-39 år,Kvinnor,850-899,850,899,950
35-39 år,Kvinnor,900-949,900,949,717
35-39 år,Kvinnor,950-999,950,999,518
35-39 år,Kvinnor,1 000-1 049,1000,1049,338
35-39 år,Kvinnor,1 050-1 099,1050,1099,321
35-39 år,Kvinnor,1 100-1 149,1100,1149,196
35-39 år,Kvinnor,1 150-1 199,1150,1199,169
35-39 år,Kvinnor,1 200-1 249,1200,1249,158
35-39 år,Kvinnor,1 250-1 299,1250,1299,94
35-39 år,Kvinnor,1 300-1 349,1300,1349,102
35-39 år,Kvinnor,1 350-1 399,1350,1399,75
35-39 år,Kvinnor,1 400-1 449,1400,1449,61
35-39 år,Kvinnor,1 450-1 499,1450,1499,60
35-39 år,Kvinnor,1 500-1 549,1500,1549,45
35-39 år,Kvinnor,1 550-1 599,1550,1599,43
35-39 år,Kvinnor,1 600-1 649,1600,1649,42
35-39 år,Kvinnor,1 650-1 699,1650,1699,38
35-39 år,Kvinnor,1 700-1 749,1700,1749,36
35-39 år,Kvinnor,1 750-1 799,1750,1799,27
35-39 år,Kvinnor,1 800-1 849,1800,1849,24
35-39 år,Kvinnor,1 850-1 899,1850,1899,14
35-39 år,Kvinnor,1 900-1 949,1900,1949,16
35-39 år,Kvinnor,1 950-1 999,1950,1999,9
35-39 år,Kvinnor,2 000-2 499,2000,2499,92
35-39 år,Kvinnor,2 500-2 999,2500,2999,40
35-39 år,Kvinnor,3 000-,3000,,68
35-39 år,Män,0,0,1,16457
35-39 år,Män,1-49 ,1,49,8744
35-39 år,Män,50-99,50,99,7083
35-39 år,Män,100-149,100,149,12329
35-39 år,Män,150-199,150,199,10988
35-39 år,Män,200-249,200,249,14228
35-39 år,Män,250-299,250,299,21674
35-39 år,Män,300-349,300,349,34771
35-39 år,Män,350-399,350,399,41878
35-39 år,Män,400-449,400,449,39834
35-39 år,Män,450-499,450,499,32465
35-39 år,Män,500-549,500,549,26593
35-39 år,Män,550-599,550,599,18027
35-39 år,Män,600-649,600,649,12474
35-39 år,Män,650-699,650,699,8598
35-39 år,Män,700-749,700,749,5961
35-39 år,Män,750-799,750,799,4260
35-39 år,Män,800-849,800,849,2978
35-39 år,Män,850-899,850,899,2266
35-39 år,Män,900-949,900,949,1681
35-39 år,Män,950-999,950,999,1388
35-39 år,Män,1 000-1 049,1000,1049,1013
35-39 år,Män,1 050-1 099,1050,1099,797
35-39 år,Män,1 100-1 149,1100,1149,654
35-39 år,Män,1 150-1 199,1150,1199,498
35-39 år,Män,1 200-1 249,1200,1249,406
35-39 år,Män,1 250-1 299,1250,1299,352
35-39 år,Män,1 300-1 349,1300,1349,280
35-39 år,Män,1 350-1 399,1350,1399,289
35-39 år,Män,1 400-1 449,1400,1449,254
35-39 år,Män,1 450-1 499,1450,1499,196
35-39 år,Män,1 500-1 549,1500,1549,174
35-39 år,Män,1 550-1 599,1550,1599,158
35-39 år,Män,1 600-1 649,1600,1649,130
35-39 år,Män,1 650-1 699,1650,1699,127
35-39 år,Män,1 700-1 749,1700,1749,104
35-39 år,Män,1 750-1 799,1750,1799,105
35-39 år,Män,1 800-1 849,1800,1849,97
35-39 år,Män,1 850-1 899,1850,1899,90
35-39 år,Män,1 900-1 949,1900,1949,70
35-39 år,Män,1 950-1 999,1950,1999,71
35-39 år,Män,2 000-2 499,2000,2499,423
35-39 år,Män,2 500-2 999,2500,2999,179
35-39 år,Män,3 000-,3000,,368
40-44 år,Samtliga,0,0,1,28057
40-44 år,Samtliga,1-49 ,1,49,18511
40-44 år,Samtliga,50-99,50,99,13995
40-44 år,Samtliga,100-149,100,149,23689
40-44 år,Samtliga,150-199,150,199,23553
40-44 år,Samtliga,200-249,200,249,31496
40-44 år,Samtliga,250-299,250,299,47640
40-44 år,Samtliga,300-349,300,349,69913
40-44 år,Samtliga,350-399,350,399,75328
40-44 år,Samtliga,400-449,400,449,67227
40-44 år,Samtliga,450-499,450,499,55175
40-44 år,Samtliga,500-549,500,549,45877
40-44 år,Samtliga,550-599,550,599,31789
40-44 år,Samtliga,600-649,600,649,22910
40-44 år,Samtliga,650-699,650,699,16523
40-44 år,Samtliga,700-749,700,749,11550
40-44 år,Samtliga,750-799,750,799,8612
40-44 år,Samtliga,800-849,800,849,6457
40-44 år,Samtliga,850-899,850,899,4911
40-44 år,Samtliga,900-949,900,949,3844
40-44 år,Samtliga,950-999,950,999,2936
40-44 år,Samtliga,1 000-1 049,1000,1049,2375
40-44 år,Samtliga,1 050-1 099,1050,1099,1938
40-44 år,Samtliga,1 100-1 149,1100,1149,1478
40-44 år,Samtliga,1 150-1 199,1150,1199,1230
40-44 år,Samtliga,1 200-1 249,1200,1249,1078
40-44 år,Samtliga,1 250-1 299,1250,1299,863
40-44 år,Samtliga,1 300-1 349,1300,1349,750
40-44 år,Samtliga,1 350-1 399,1350,1399,622
40-44 år,Samtliga,1 400-1 449,1400,1449,498
40-44 år,Samtliga,1 450-1 499,1450,1499,475
40-44 år,Samtliga,1 500-1 549,1500,1549,395
40-44 år,Samtliga,1 550-1 599,1550,1599,382
40-44 år,Samtliga,1 600-1 649,1600,1649,270
40-44 år,Samtliga,1 650-1 699,1650,1699,278
40-44 år,Samtliga,1 700-1 749,1700,1749,227
40-44 år,Samtliga,1 750-1 799,1750,1799,226
40-44 år,Samtliga,1 800-1 849,1800,1849,202
40-44 år,Samtliga,1 850-1 899,1850,1899,185
40-44 år,Samtliga,1 900-1 949,1900,1949,145
40-44 år,Samtliga,1 950-1 999,1950,1999,134
40-44 år,Samtliga,2 000-2 499,2000,2499,963
40-44 år,Samtliga,2 500-2 999,2500,2999,456
40-44 år,Samtliga,3 000-,3000,,747
40-44 år,Kvinnor,0,0,1,14411
40-44 år,Kvinnor,1-49 ,1,49,11323
40-44 år,Kvinnor,50-99,50,99,8384
40-44 år,Kvinnor,100-149,100,149,12992
40-44 år,Kvinnor,150-199,150,199,14027
40-44 år,Kvinnor,200-249,200,249,19156
40-44 år,Kvinnor,250-299,250,299,30017
40-44 år,Kvinnor,300-349,300,349,40570
40-44 år,Kvinnor,350-399,350,399,38967
40-44 år,Kvinnor,400-449,400,449,31600
40-44 år,Kvinnor,450-499,450,499,24326
40-44 år,Kvinnor,500-549,500,549,18577
40-44 år,Kvinnor,550-599,550,599,12297
40-44 år,Kvinnor,600-649,600,649,8216
40-44 år,Kvinnor,650-699,650,699,5500
40-44 år,Kvinnor,700-749,700,749,3818
40-44 år,Kvinnor,750-799,750,799,2896
40-44 år,Kvinnor,800-849,800,849,2114
40-44 år,Kvinnor,850-899,850,899,1642
40-44 år,Kvinnor,900-949,900,949,1305
40-44 år,Kvinnor,950-999,950,999,956
40-44 år,Kvinnor,1 000-1 049,1000,1049,731
40-44 år,Kvinnor,1 050-1 099,1050,1099,608
40-44 år,Kvinnor,1 100-1 149,1100,1149,436
40-44 år,Kvinnor,1 150-1 199,1150,1199,344
40-44 år,Kvinnor,1 200-1 249,1200,1249,310
40-44 år,Kvinnor,1 250-1 299,1250,1299,234
40-44 år,Kvinnor,1 300-1 349,1300,1349,211
40-44 år,Kvinnor,1 350-1 399,1350,1399,167
40-44 år,Kvinnor,1 400-1 449,1400,1449,136
40-44 år,Kvinnor,1 450-1 499,1450,1499,131
40-44 år,Kvinnor,1 500-1 549,1500,1549,99
40-44 år,Kvinnor,1 550-1 599,1550,1599,88
40-44 år,Kvinnor,1 600-1 649,1600,1649,49
40-44 år,Kvinnor,1 650-1 699,1650,1699,73
40-44 år,Kvinnor,1 700-1 749,1700,1749,50
40-44 år,Kvinnor,1 750-1 799,1750,1799,46
40-44 år,Kvinnor,1 800-1 849,1800,1849,45
40-44 år,Kvinnor,1 850-1 899,1850,1899,47
40-44 år,Kvinnor,1 900-1 949,1900,1949,22
40-44 år,Kvinnor,1 950-1 999,1950,1999,21
40-44 år,Kvinnor,2 000-2 499,2000,2499,191
40-44 år,Kvinnor,2 500-2 999,2500,2999,91
40-44 år,Kvinnor,3 000-,3000,,115
40-44 år,Män,0,0,1,13646
40-44 år,Män,1-49 ,1,49,7188
40-44 år,Män,50-99,50,99,5611
40-44 år,Män,100-149,100,149,10697
40-44 år,Män,150-199,150,199,9526
40-44 år,Män,200-249,200,249,12340
40-44 år,Män,250-299,250,299,17623
40-44 år,Män,300-349,300,349,29343
40-44 år,Män,350-399,350,399,36361
40-44 år,Män,400-449,400,449,35627
40-44 år,Män,450-499,450,499,30849
40-44 år,Män,500-549,500,549,27300
40-44 år,Män,550-599,550,599,19492
40-44 år,Män,600-649,600,649,14694
40-44 år,Män,650-699,650,699,11023
40-44 år,Män,700-749,700,749,7732
40-44 år,Män,750-799,750,799,5716
40-44 år,Män,800-849,800,849,4343
40-44 år,Män,850-899,850,899,3269
40-44 år,Män,900-949,900,949,2539
40-44 år,Män,950-999,950,999,1980
40-44 år,Män,1 000-1 049,1000,1049,1644
40-44 år,Män,1 050-1 099,1050,1099,1330
40-44 år,Män,1 100-1 149,1100,1149,1042
40-44 år,Män,1 150-1 199,1150,1199,886
40-44 år,Män,1 200-1 249,1200,1249,768
40-44 år,Män,1 250-1 299,1250,1299,629
40-44 år,Män,1 300-1 349,1300,1349,539
40-44 år,Män,1 350-1 399,1350,1399,455
40-44 år,Män,1 400-1 449,1400,1449,362
40-44 år,Män,1 450-1 499,1450,1499,344
40-44 år,Män,1 500-1 549,1500,1549,296
40-44 år,Män,1 550-1 599,1550,1599,294
40-44 år,Män,1 600-1 649,1600,1649,221
40-44 år,Män,1 650-1 699,1650,1699,205
40-44 år,Män,1 700-1 749,1700,1749,177
40-44 år,Män,1 750-1 799,1750,1799,180
40-44 år,Män,1 800-1 849,1800,1849,157
40-44 år,Män,1 850-1 899,1850,1899,138
40-44 år,Män,1 900-1 949,1900,1949,123
40-44 år,Män,1 950-1 999,1950,1999,113
40-44 år,Män,2 000-2 499,2000,2499,772
40-44 år,Män,2 500-2 999,2500,2999,365
40-44 år,Män,3 000-,3000,,632
45-49 år,Samtliga,0,0,1,25313
45-49 år,Samtliga,1-49 ,1,49,14206
45-49 år,Samtliga,50-99,50,99,11089
45-49 år,Samtliga,100-149,100,149,23589
45-49 år,Samtliga,150-199,150,199,23394
45-49 år,Samtliga,200-249,200,249,29925
45-49 år,Samtliga,250-299,250,299,45111
45-49 år,Samtliga,300-349,300,349,70437
45-49 år,Samtliga,350-399,350,399,79915
45-49 år,Samtliga,400-449,400,449,72605
45-49 år,Samtliga,450-499,450,499,60506
45-49 år,Samtliga,500-549,500,549,51115
45-49 år,Samtliga,550-599,550,599,35741
45-49 år,Samtliga,600-649,600,649,26749
45-49 år,Samtliga,650-699,650,699,19778
45-49 år,Samtliga,700-749,700,749,14569
45-49 år,Samtliga,750-799,750,799,10643
45-49 år,Samtliga,800-849,800,849,8245
45-49 år,Samtliga,850-899,850,899,6387
45-49 år,Samtliga,900-949,900,949,4861
45-49 år,Samtliga,950-999,950,999,3945
45-49 år,Samtliga,1 000-1 049,1000,1049,3288
45-49 år,Samtliga,1 050-1 099,1050,1099,2657
45-49 år,Samtliga,1 100-1 149,1100,1149,2293
45-49 år,Samtliga,1 150-1 199,1150,1199,1766
45-49 år,Samtliga,1 200-1 249,1200,1249,1545
45-49 år,Samtliga,1 250-1 299,1250,1299,1240
45-49 år,Samtliga,1 300-1 349,1300,1349,1083
45-49 år,Samtliga,1 350-1 399,1350,1399,912
45-49 år,Samtliga,1 400-1 449,1400,1449,811
45-49 år,Samtliga,1 450-1 499,1450,1499,655
45-49 år,Samtliga,1 500-1 549,1500,1549,578
45-49 år,Samtliga,1 550-1 599,1550,1599,510
45-49 år,Samtliga,1 600-1 649,1600,1649,393
45-49 år,Samtliga,1 650-1 699,1650,1699,422
45-49 år,Samtliga,1 700-1 749,1700,1749,355
45-49 år,Samtliga,1 750-1 799,1750,1799,300
45-49 år,Samtliga,1 800-1 849,1800,1849,265
45-49 år,Samtliga,1 850-1 899,1850,1899,273
45-49 år,Samtliga,1 900-1 949,1900,1949,207
45-49 år,Samtliga,1 950-1 999,1950,1999,224
45-49 år,Samtliga,2 000-2 499,2000,2499,1410
45-49 år,Samtliga,2 500-2 999,2500,2999,654
45-49 år,Samtliga,3 000-,3000,,1321
45-49 år,Kvinnor,0,0,1,13118
45-49 år,Kvinnor,1-49 ,1,49,7917
45-49 år,Kvinnor,50-99,50,99,6217
45-49 år,Kvinnor,100-149,100,149,13025
45-49 år,Kvinnor,150-199,150,199,13885
45-49 år,Kvinnor,200-249,200,249,18009
45-49 år,Kvinnor,250-299,250,299,29083
45-49 år,Kvinnor,300-349,300,349,42524
45-49 år,Kvinnor,350-399,350,399,42657
45-49 år,Kvinnor,400-449,400,449,35514
45-49 år,Kvinnor,450-499,450,499,27922
45-49 år,Kvinnor,500-549,500,549,22154
45-49 år,Kvinnor,550-599,550,599,14837
45-49 år,Kvinnor,600-649,600,649,9959
45-49 år,Kvinnor,650-699,650,699,6825
45-49 år,Kvinnor,700-749,700,749,4995
45-49 år,Kvinnor,750-799,750,799,3630
45-49 år,Kvinnor,800-849,800,849,2796
45-49 år,Kvinnor,850-899,850,899,2132
45-49 år,Kvinnor,900-949,900,949,1665
45-49 år,Kvinnor,950-999,950,999,1359
45-49 år,Kvinnor,1 000-1 049,1000,1049,1076
45-49 år,Kvinnor,1 050-1 099,1050,1099,847
45-49 år,Kvinnor,1 100-1 149,1100,1149,708
45-49 år,Kvinnor,1 150-1 199,1150,1199,526
45-49 år,Kvinnor,1 200-1 249,1200,1249,426
45-49 år,Kvinnor,1 250-1 299,1250,1299,347
45-49 år,Kvinnor,1 300-1 349,1300,1349,279
45-49 år,Kvinnor,1 350-1 399,1350,1399,237
45-49 år,Kvinnor,1 400-1 449,1400,1449,201
45-49 år,Kvinnor,1 450-1 499,1450,1499,175
45-49 år,Kvinnor,1 500-1 549,1500,1549,148
45-49 år,Kvinnor,1 550-1 599,1550,1599,122
45-49 år,Kvinnor,1 600-1 649,1600,1649,103
45-49 år,Kvinnor,1 650-1 699,1650,1699,98
45-49 år,Kvinnor,1 700-1 749,1700,1749,82
45-49 år,Kvinnor,1 750-1 799,1750,1799,68
45-49 år,Kvinnor,1 800-1 849,1800,1849,68
45-49 år,Kvinnor,1 850-1 899,1850,1899,60
45-49 år,Kvinnor,1 900-1 949,1900,1949,49
45-49 år,Kvinnor,1 950-1 999,1950,1999,50
45-49 år,Kvinnor,2 000-2 499,2000,2499,302
45-49 år,Kvinnor,2 500-2 999,2500,2999,132
45-49 år,Kvinnor,3 000-,3000,,224
45-49 år,Män,0,0,1,12195
45-49 år,Män,1-49 ,1,49,6289
45-49 år,Män,50-99,50,99,4872
45-49 år,Män,100-149,100,149,10564
45-49 år,Män,150-199,150,199,9509
45-49 år,Män,200-249,200,249,11916
45-49 år,Män,250-299,250,299,16028
45-49 år,Män,300-349,300,349,27913
45-49 år,Män,350-399,350,399,37258
45-49 år,Män,400-449,400,449,37091
45-49 år,Män,450-499,450,499,32584
45-49 år,Män,500-549,500,549,28961
45-49 år,Män,550-599,550,599,20904
45-49 år,Män,600-649,600,649,16790
45-49 år,Män,650-699,650,699,12953
45-49 år,Män,700-749,700,749,9574
45-49 år,Män,750-799,750,799,7013
45-49 år,Män,800-849,800,849,5449
45-49 år,Män,850-899,850,899,4255
45-49 år,Män,900-949,900,949,3196
45-49 år,Män,950-999,950,999,2586
45-49 år,Män,1 000-1 049,1000,1049,2212
45-49 år,Män,1 050-1 099,1050,1099,1810
45-49 år,Män,1 100-1 149,1100,1149,1585
45-49 år,Män,1 150-1 199,1150,1199,1240
45-49 år,Män,1 200-1 249,1200,1249,1119
45-49 år,Män,1 250-1 299,1250,1299,893
45-49 år,Män,1 300-1 349,1300,1349,804
45-49 år,Män,1 350-1 399,1350,1399,675
45-49 år,Män,1 400-1 449,1400,1449,610
45-49 år,Män,1 450-1 499,1450,1499,480
45-49 år,Män,1 500-1 549,1500,1549,430
45-49 år,Män,1 550-1 599,1550,1599,388
45-49 år,Män,1 600-1 649,1600,1649,290
45-49 år,Män,1 650-1 699,1650,1699,324
45-49 år,Män,1 700-1 749,1700,1749,273
45-49 år,Män,1 750-1 799,1750,1799,232
45-49 år,Män,1 800-1 849,1800,1849,197
45-49 år,Män,1 850-1 899,1850,1899,213
45-49 år,Män,1 900-1 949,1900,1949,158
45-49 år,Män,1 950-1 999,1950,1999,174
45-49 år,Män,2 000-2 499,2000,2499,1108
45-49 år,Män,2 500-2 999,2500,2999,522
45-49 år,Män,3 000-,3000,,1097
50-54 år,Samtliga,0,0,1,25140
50-54 år,Samtliga,1-49 ,1,49,12262
50-54 år,Samtliga,50-99,50,99,10187
50-54 år,Samtliga,100-149,100,149,26032
50-54 år,Samtliga,150-199,150,199,26349
50-54 år,Samtliga,200-249,200,249,31766
50-54 år,Samtliga,250-299,250,299,45845
50-54 år,Samtliga,300-349,300,349,72734
50-54 år,Samtliga,350-399,350,399,83821
50-54 år,Samtliga,400-449,400,449,74048
50-54 år,Samtliga,450-499,450,499,59885
50-54 år,Samtliga,500-549,500,549,49394
50-54 år,Samtliga,550-599,550,599,33669
50-54 år,Samtliga,600-649,600,649,25334
50-54 år,Samtliga,650-699,650,699,18745
50-54 år,Samtliga,700-749,700,749,13775
50-54 år,Samtliga,750-799,750,799,10322
50-54 år,Samtliga,800-849,800,849,7982
50-54 år,Samtliga,850-899,850,899,6098
50-54 år,Samtliga,900-949,900,949,4936
50-54 år,Samtliga,950-999,950,999,3768
50-54 år,Samtliga,1 000-1 049,1000,1049,3187
50-54 år,Samtliga,1 050-1 099,1050,1099,2608
50-54 år,Samtliga,1 100-1 149,1100,1149,2119
50-54 år,Samtliga,1 150-1 199,1150,1199,1714
50-54 år,Samtliga,1 200-1 249,1200,1249,1421
50-54 år,Samtliga,1 250-1 299,1250,1299,1174
50-54 år,Samtliga,1 300-1 349,1300,1349,1006
50-54 år,Samtliga,1 350-1 399,1350,1399,803
50-54 år,Samtliga,1 400-1 449,1400,1449,781
50-54 år,Samtliga,1 450-1 499,1450,1499,631
50-54 år,Samtliga,1 500-1 549,1500,1549,528
50-54 år,Samtliga,1 550-1 599,1550,1599,473
50-54 år,Samtliga,1 600-1 649,1600,1649,429
50-54 år,Samtliga,1 650-1 699,1650,1699,364
50-54 år,Samtliga,1 700-1 749,1700,1749,325
50-54 år,Samtliga,1 750-1 799,1750,1799,317
50-54 år,Samtliga,1 800-1 849,1800,1849,286
50-54 år,Samtliga,1 850-1 899,1850,1899,274
50-54 år,Samtliga,1 900-1 949,1900,1949,232
50-54 år,Samtliga,1 950-1 999,1950,1999,206
50-54 år,Samtliga,2 000-2 499,2000,2499,1382
50-54 år,Samtliga,2 500-2 999,2500,2999,641
50-54 år,Samtliga,3 000-,3000,,1317
50-54 år,Kvinnor,0,0,1,12829
50-54 år,Kvinnor,1-49 ,1,49,6417
50-54 år,Kvinnor,50-99,50,99,5315
50-54 år,Kvinnor,100-149,100,149,14389
50-54 år,Kvinnor,150-199,150,199,15625
50-54 år,Kvinnor,200-249,200,249,18991
50-54 år,Kvinnor,250-299,250,299,29391
50-54 år,Kvinnor,300-349,300,349,44491
50-54 år,Kvinnor,350-399,350,399,45261
50-54 år,Kvinnor,400-449,400,449,35835
50-54 år,Kvinnor,450-499,450,499,27070
50-54 år,Kvinnor,500-549,500,549,20960
50-54 år,Kvinnor,550-599,550,599,13920
50-54 år,Kvinnor,600-649,600,649,9422
50-54 år,Kvinnor,650-699,650,699,6579
50-54 år,Kvinnor,700-749,700,749,4589
50-54 år,Kvinnor,750-799,750,799,3400
50-54 år,Kvinnor,800-849,800,849,2627
50-54 år,Kvinnor,850-899,850,899,2047
50-54 år,Kvinnor,900-949,900,949,1545
50-54 år,Kvinnor,950-999,950,999,1208
50-54 år,Kvinnor,1 000-1 049,1000,1049,1013
50-54 år,Kvinnor,1 050-1 099,1050,1099,825
50-54 år,Kvinnor,1 100-1 149,1100,1149,655
50-54 år,Kvinnor,1 150-1 199,1150,1199,490
50-54 år,Kvinnor,1 200-1 249,1200,1249,398
50-54 år,Kvinnor,1 250-1 299,1250,1299,326
50-54 år,Kvinnor,1 300-1 349,1300,1349,258
50-54 år,Kvinnor,1 350-1 399,1350,1399,200
50-54 år,Kvinnor,1 400-1 449,1400,1449,217
50-54 år,Kvinnor,1 450-1 499,1450,1499,147
50-54 år,Kvinnor,1 500-1 549,1500,1549,146
50-54 år,Kvinnor,1 550-1 599,1550,1599,122
50-54 år,Kvinnor,1 600-1 649,1600,1649,101
50-54 år,Kvinnor,1 650-1 699,1650,1699,99
50-54 år,Kvinnor,1 700-1 749,1700,1749,77
50-54 år,Kvinnor,1 750-1 799,1750,1799,63
50-54 år,Kvinnor,1 800-1 849,1800,1849,61
50-54 år,Kvinnor,1 850-1 899,1850,1899,69
50-54 år,Kvinnor,1 900-1 949,1900,1949,54
50-54 år,Kvinnor,1 950-1 999,1950,1999,57
50-54 år,Kvinnor,2 000-2 499,2000,2499,288
50-54 år,Kvinnor,2 500-2 999,2500,2999,149
50-54 år,Kvinnor,3 000-,3000,,242
50-54 år,Män,0,0,1,12311
50-54 år,Män,1-49 ,1,49,5845
50-54 år,Män,50-99,50,99,4872
50-54 år,Män,100-149,100,149,11643
50-54 år,Män,150-199,150,199,10724
50-54 år,Män,200-249,200,249,12775
50-54 år,Män,250-299,250,299,16454
50-54 år,Män,300-349,300,349,28243
50-54 år,Män,350-399,350,399,38560
50-54 år,Män,400-449,400,449,38213
50-54 år,Män,450-499,450,499,32815
50-54 år,Män,500-549,500,549,28434
50-54 år,Män,550-599,550,599,19749
50-54 år,Män,600-649,600,649,15912
50-54 år,Män,650-699,650,699,12166
50-54 år,Män,700-749,700,749,9186
50-54 år,Män,750-799,750,799,6922
50-54 år,Män,800-849,800,849,5355
50-54 år,Män,850-899,850,899,4051
50-54 år,Män,900-949,900,949,3391
50-54 år,Män,950-999,950,999,2560
50-54 år,Män,1 000-1 049,1000,1049,2174
50-54 år,Män,1 050-1 099,1050,1099,1783
50-54 år,Män,1 100-1 149,1100,1149,1464
50-54 år,Män,1 150-1 199,1150,1199,1224
50-54 år,Män,1 200-1 249,1200,1249,1023
50-54 år,Män,1 250-1 299,1250,1299,848
50-54 år,Män,1 300-1 349,1300,1349,748
50-54 år,Män,1 350-1 399,1350,1399,603
50-54 år,Män,1 400-1 449,1400,1449,564
50-54 år,Män,1 450-1 499,1450,1499,484
50-54 år,Män,1 500-1 549,1500,1549,382
50-54 år,Män,1 550-1 599,1550,1599,351
50-54 år,Män,1 600-1 649,1600,1649,328
50-54 år,Män,1 650-1 699,1650,1699,265
50-54 år,Män,1 700-1 749,1700,1749,248
50-54 år,Män,1 750-1 799,1750,1799,254
50-54 år,Män,1 800-1 849,1800,1849,225
50-54 år,Män,1 850-1 899,1850,1899,205
50-54 år,Män,1 900-1 949,1900,1949,178
50-54 år,Män,1 950-1 999,1950,1999,149
50-54 år,Män,2 000-2 499,2000,2499,1094
50-54 år,Män,2 500-2 999,2500,2999,492
50-54 år,Män,3 000-,3000,,1075
55-59 år,Samtliga,0,0,1,24708
55-59 år,Samtliga,1-49 ,1,49,11583
55-59 år,Samtliga,50-99,50,99,10388
55-59 år,Samtliga,100-149,100,149,30069
55-59 år,Samtliga,150-199,150,199,30319
55-59 år,Samtliga,200-249,200,249,36087
55-59 år,Samtliga,250-299,250,299,47833
55-59 år,Samtliga,300-349,300,349,74319
55-59 år,Samtliga,350-399,350,399,82858
55-59 år,Samtliga,400-449,400,449,69811
55-59 år,Samtliga,450-499,450,499,54643
55-59 år,Samtliga,500-549,500,549,43567
55-59 år,Samtliga,550-599,550,599,28897
55-59 år,Samtliga,600-649,600,649,20925
55-59 år,Samtliga,650-699,650,699,15371
55-59 år,Samtliga,700-749,700,749,11347
55-59 år,Samtliga,750-799,750,799,8511
55-59 år,Samtliga,800-849,800,849,6300
55-59 år,Samtliga,850-899,850,899,5036
55-59 år,Samtliga,900-949,900,949,4027
55-59 år,Samtliga,950-999,950,999,3109
55-59 år,Samtliga,1 000-1 049,1000,1049,2658
55-59 år,Samtliga,1 050-1 099,1050,1099,2143
55-59 år,Samtliga,1 100-1 149,1100,1149,1822
55-59 år,Samtliga,1 150-1 199,1150,1199,1496
55-59 år,Samtliga,1 200-1 249,1200,1249,1213
55-59 år,Samtliga,1 250-1 299,1250,1299,1037
55-59 år,Samtliga,1 300-1 349,1300,1349,867
55-59 år,Samtliga,1 350-1 399,1350,1399,704
55-59 år,Samtliga,1 400-1 449,1400,1449,669
55-59 år,Samtliga,1 450-1 499,1450,1499,517
55-59 år,Samtliga,1 500-1 549,1500,1549,458
55-59 år,Samtliga,1 550-1 599,1550,1599,409
55-59 år,Samtliga,1 600-1 649,1600,1649,332
55-59 år,Samtliga,1 650-1 699,1650,1699,323
55-59 år,Samtliga,1 700-1 749,1700,1749,286
55-59 år,Samtliga,1 750-1 799,1750,1799,253
55-59 år,Samtliga,1 800-1 849,1800,1849,242
55-59 år,Samtliga,1 850-1 899,1850,1899,190
55-59 år,Samtliga,1 900-1 949,1900,1949,185
55-59 år,Samtliga,1 950-1 999,1950,1999,149
55-59 år,Samtliga,2 000-2 499,2000,2499,1025
55-59 år,Samtliga,2 500-2 999,2500,2999,537
55-59 år,Samtliga,3 000-,3000,,1129
55-59 år,Kvinnor,0,0,1,12486
55-59 år,Kvinnor,1-49 ,1,49,5723
55-59 år,Kvinnor,50-99,50,99,5311
55-59 år,Kvinnor,100-149,100,149,16619
55-59 år,Kvinnor,150-199,150,199,17793
55-59 år,Kvinnor,200-249,200,249,21052
55-59 år,Kvinnor,250-299,250,299,30169
55-59 år,Kvinnor,300-349,300,349,44870
55-59 år,Kvinnor,350-399,350,399,43730
55-59 år,Kvinnor,400-449,400,449,32986
55-59 år,Kvinnor,450-499,450,499,24715
55-59 år,Kvinnor,500-549,500,549,18269
55-59 år,Kvinnor,550-599,550,599,11939
55-59 år,Kvinnor,600-649,600,649,7779
55-59 år,Kvinnor,650-699,650,699,5296
55-59 år,Kvinnor,700-749,700,749,3667
55-59 år,Kvinnor,750-799,750,799,2717
55-59 år,Kvinnor,800-849,800,849,1966
55-59 år,Kvinnor,850-899,850,899,1553
55-59 år,Kvinnor,900-949,900,949,1261
55-59 år,Kvinnor,950-999,950,999,990
55-59 år,Kvinnor,1 000-1 049,1000,1049,823
55-59 år,Kvinnor,1 050-1 099,1050,1099,673
55-59 år,Kvinnor,1 100-1 149,1100,1149,502
55-59 år,Kvinnor,1 150-1 199,1150,1199,438
55-59 år,Kvinnor,1 200-1 249,1200,1249,351
55-59 år,Kvinnor,1 250-1 299,1250,1299,261
55-59 år,Kvinnor,1 300-1 349,1300,1349,255
55-59 år,Kvinnor,1 350-1 399,1350,1399,172
55-59 år,Kvinnor,1 400-1 449,1400,1449,160
55-59 år,Kvinnor,1 450-1 499,1450,1499,115
55-59 år,Kvinnor,1 500-1 549,1500,1549,103
55-59 år,Kvinnor,1 550-1 599,1550,1599,91
55-59 år,Kvinnor,1 600-1 649,1600,1649,78
55-59 år,Kvinnor,1 650-1 699,1650,1699,75
55-59 år,Kvinnor,1 700-1 749,1700,1749,71
55-59 år,Kvinnor,1 750-1 799,1750,1799,55
55-59 år,Kvinnor,1 800-1 849,1800,1849,40
55-59 år,Kvinnor,1 850-1 899,1850,1899,49
55-59 år,Kvinnor,1 900-1 949,1900,1949,31
55-59 år,Kvinnor,1 950-1 999,1950,1999,27
55-59 år,Kvinnor,2 000-2 499,2000,2499,248
55-59 år,Kvinnor,2 500-2 999,2500,2999,103
55-59 år,Kvinnor,3 000-,3000,,206
55-59 år,Män,0,0,1,12222
55-59 år,Män,1-49 ,1,49,5860
55-59 år,Män,50-99,50,99,5077
55-59 år,Män,100-149,100,149,13450
55-59 år,Män,150-199,150,199,12526
55-59 år,Män,200-249,200,249,15035
55-59 år,Män,250-299,250,299,17664
55-59 år,Män,300-349,300,349,29449
55-59 år,Män,350-399,350,399,39128
55-59 år,Män,400-449,400,449,36825
55-59 år,Män,450-499,450,499,29928
55-59 år,Män,500-549,500,549,25298
55-59 år,Män,550-599,550,599,16958
55-59 år,Män,600-649,600,649,13146
55-59 år,Män,650-699,650,699,10075
55-59 år,Män,700-749,700,749,7680
55-59 år,Män,750-799,750,799,5794
55-59 år,Män,800-849,800,849,4334
55-59 år,Män,850-899,850,899,3483
55-59 år,Män,900-949,900,949,2766
55-59 år,Män,950-999,950,999,2119
55-59 år,Män,1 000-1 049,1000,1049,1835
55-59 år,Män,1 050-1 099,1050,1099,1470
55-59 år,Män,1 100-1 149,1100,1149,1320
55-59 år,Män,1 150-1 199,1150,1199,1058
55-59 år,Män,1 200-1 249,1200,1249,862
55-59 år,Män,1 250-1 299,1250,1299,776
55-59 år,Män,1 300-1 349,1300,1349,612
55-59 år,Män,1 350-1 399,1350,1399,532
55-59 år,Män,1 400-1 449,1400,1449,509
55-59 år,Män,1 450-1 499,1450,1499,402
55-59 år,Män,1 500-1 549,1500,1549,355
55-59 år,Män,1 550-1 599,1550,1599,318
55-59 år,Män,1 600-1 649,1600,1649,254
55-59 år,Män,1 650-1 699,1650,1699,248
55-59 år,Män,1 700-1 749,1700,1749,215
55-59 år,Män,1 750-1 799,1750,1799,198
55-59 år,Män,1 800-1 849,1800,1849,202
55-59 år,Män,1 850-1 899,1850,1899,141
55-59 år,Män,1 900-1 949,1900,1949,154
55-59 år,Män,1 950-1 999,1950,1999,122
55-59 år,Män,2 000-2 499,2000,2499,777
55-59 år,Män,2 500-2 999,2500,2999,434
55-59 år,Män,3 000-,3000,,923
60-64 år,Samtliga,0,0,1,19425
60-64 år,Samtliga,1-49 ,1,49,10322
60-64 år,Samtliga,50-99,50,99,10986
60-64 år,Samtliga,100-149,100,149,34951
60-64 år,Samtliga,150-199,150,199,37008
60-64 år,Samtliga,200-249,200,249,42883
60-64 år,Samtliga,250-299,250,299,50458
60-64 år,Samtliga,300-349,300,349,66853
60-64 år,Samtliga,350-399,350,399,70244
60-64 år,Samtliga,400-449,400,449,57907
60-64 år,Samtliga,450-499,450,499,45172
60-64 år,Samtliga,500-549,500,549,35076
60-64 år,Samtliga,550-599,550,599,21622
60-64 år,Samtliga,600-649,600,649,15071
60-64 år,Samtliga,650-699,650,699,10963
60-64 år,Samtliga,700-749,700,749,7665
60-64 år,Samtliga,750-799,750,799,5634
60-64 år,Samtliga,800-849,800,849,4294
60-64 år,Samtliga,850-899,850,899,3366
60-64 år,Samtliga,900-949,900,949,2677
60-64 år,Samtliga,950-999,950,999,2166
60-64 år,Samtliga,1 000-1 049,1000,1049,1887
60-64 år,Samtliga,1 050-1 099,1050,1099,1511
60-64 år,Samtliga,1 100-1 149,1100,1149,1170
60-64 år,Samtliga,1 150-1 199,1150,1199,934
60-64 år,Samtliga,1 200-1 249,1200,1249,836
60-64 år,Samtliga,1 250-1 299,1250,1299,694
60-64 år,Samtliga,1 300-1 349,1300,1349,566
60-64 år,Samtliga,1 350-1 399,1350,1399,516
60-64 år,Samtliga,1 400-1 449,1400,1449,378
60-64 år,Samtliga,1 450-1 499,1450,1499,351
60-64 år,Samtliga,1 500-1 549,1500,1549,291
60-64 år,Samtliga,1 550-1 599,1550,1599,257
60-64 år,Samtliga,1 600-1 649,1600,1649,241
60-64 år,Samtliga,1 650-1 699,1650,1699,210
60-64 år,Samtliga,1 700-1 749,1700,1749,178
60-64 år,Samtliga,1 750-1 799,1750,1799,167
60-64 år,Samtliga,1 800-1 849,1800,1849,131
60-64 år,Samtliga,1 850-1 899,1850,1899,127
60-64 år,Samtliga,1 900-1 949,1900,1949,96
60-64 år,Samtliga,1 950-1 999,1950,1999,115
60-64 år,Samtliga,2 000-2 499,2000,2499,611
60-64 år,Samtliga,2 500-2 999,2500,2999,316
60-64 år,Samtliga,3 000-,3000,,730
60-64 år,Kvinnor,0,0,1,10032
60-64 år,Kvinnor,1-49 ,1,49,5201
60-64 år,Kvinnor,50-99,50,99,5902
60-64 år,Kvinnor,100-149,100,149,19986
60-64 år,Kvinnor,150-199,150,199,22194
60-64 år,Kvinnor,200-249,200,249,24888
60-64 år,Kvinnor,250-299,250,299,30287
60-64 år,Kvinnor,300-349,300,349,38567
60-64 år,Kvinnor,350-399,350,399,36060
60-64 år,Kvinnor,400-449,400,449,27236
60-64 år,Kvinnor,450-499,450,499,20158
60-64 år,Kvinnor,500-549,500,549,14193
60-64 år,Kvinnor,550-599,550,599,8424
60-64 år,Kvinnor,600-649,600,649,5374
60-64 år,Kvinnor,650-699,650,699,3708
60-64 år,Kvinnor,700-749,700,749,2295
60-64 år,Kvinnor,750-799,750,799,1691
60-64 år,Kvinnor,800-849,800,849,1260
60-64 år,Kvinnor,850-899,850,899,1031
60-64 år,Kvinnor,900-949,900,949,816
60-64 år,Kvinnor,950-999,950,999,626
60-64 år,Kvinnor,1 000-1 049,1000,1049,549
60-64 år,Kvinnor,1 050-1 099,1050,1099,396
60-64 år,Kvinnor,1 100-1 149,1100,1149,328
60-64 år,Kvinnor,1 150-1 199,1150,1199,238
60-64 år,Kvinnor,1 200-1 249,1200,1249,221
60-64 år,Kvinnor,1 250-1 299,1250,1299,162
60-64 år,Kvinnor,1 300-1 349,1300,1349,133
60-64 år,Kvinnor,1 350-1 399,1350,1399,125
60-64 år,Kvinnor,1 400-1 449,1400,1449,93
60-64 år,Kvinnor,1 450-1 499,1450,1499,79
60-64 år,Kvinnor,1 500-1 549,1500,1549,81
60-64 år,Kvinnor,1 550-1 599,1550,1599,53
60-64 år,Kvinnor,1 600-1 649,1600,1649,51
60-64 år,Kvinnor,1 650-1 699,1650,1699,36
60-64 år,Kvinnor,1 700-1 749,1700,1749,50
60-64 år,Kvinnor,1 750-1 799,1750,1799,28
60-64 år,Kvinnor,1 800-1 849,1800,1849,25
60-64 år,Kvinnor,1 850-1 899,1850,1899,20
60-64 år,Kvinnor,1 900-1 949,1900,1949,15
60-64 år,Kvinnor,1 950-1 999,1950,1999,19
60-64 år,Kvinnor,2 000-2 499,2000,2499,104
60-64 år,Kvinnor,2 500-2 999,2500,2999,63
60-64 år,Kvinnor,3 000-,3000,,158
60-64 år,Män,0,0,1,9393
60-64 år,Män,1-49 ,1,49,5121
60-64 år,Män,50-99,50,99,5084
60-64 år,Män,100-149,100,149,14965
60-64 år,Män,150-199,150,199,14814
60-64 år,Män,200-249,200,249,17995
60-64 år,Män,250-299,250,299,20171
60-64 år,Män,300-349,300,349,28286
60-64 år,Män,350-399,350,399,34184
60-64 år,Män,400-449,400,449,30671
60-64 år,Män,450-499,450,499,25014
60-64 år,Män,500-549,500,549,20883
60-64 år,Män,550-599,550,599,13198
60-64 år,Män,600-649,600,649,9697
60-64 år,Män,650-699,650,699,7255
60-64 år,Män,700-749,700,749,5370
60-64 år,Män,750-799,750,799,3943
60-64 år,Män,800-849,800,849,3034
60-64 år,Män,850-899,850,899,2335
60-64 år,Män,900-949,900,949,1861
60-64 år,Män,950-999,950,999,1540
60-64 år,Män,1 000-1 049,1000,1049,1338
60-64 år,Män,1 050-1 099,1050,1099,1115
60-64 år,Män,1 100-1 149,1100,1149,842
60-64 år,Män,1 150-1 199,1150,1199,696
60-64 år,Män,1 200-1 249,1200,1249,615
60-64 år,Män,1 250-1 299,1250,1299,532
60-64 år,Män,1 300-1 349,1300,1349,433
60-64 år,Män,1 350-1 399,1350,1399,391
60-64 år,Män,1 400-1 449,1400,1449,285
60-64 år,Män,1 450-1 499,1450,1499,272
60-64 år,Män,1 500-1 549,1500,1549,210
60-64 år,Män,1 550-1 599,1550,1599,204
60-64 år,Män,1 600-1 649,1600,1649,190
60-64 år,Män,1 650-1 699,1650,1699,174
60-64 år,Män,1 700-1 749,1700,1749,128
60-64 år,Män,1 750-1 799,1750,1799,139
60-64 år,Män,1 800-1 849,1800,1849,106
60-64 år,Män,1 850-1 899,1850,1899,107
60-64 år,Män,1 900-1 949,1900,1949,81
60-64 år,Män,1 950-1 999,1950,1999,96
60-64 år,Män,2 000-2 499,2000,2499,507
60-64 år,Män,2 500-2 999,2500,2999,253
60-64 år,Män,3 000-,3000,,572
